<?xml version="1.0" encoding="UTF-8" ?>

<routes xmlns="http://symfony.com/schema/routing"
    xmlns:xsi="http://www.w3.org/2001/XMLSchema-instance"
    xsi:schemaLocation="http://symfony.com/schema/routing http://symfony.com/schema/routing/routing-1.0.xsd">

    <route id="fos_user_resetting_request" pattern="/request">
        <default key="_controller">SonataUserBundle:ResettingFOSUser1:request</default>
        <requirement key="_method">GET</requirement>
    </route>

    <route id="fos_user_resetting_send_email" pattern="/send-email">
        <default key="_controller">SonataUserBundle:ResettingFOSUser1:sendEmail</default>
        <requirement key="_method">POST</requirement>
    </route>

    <route id="fos_user_resetting_check_email" pattern="/check-email">
        <default key="_controller">SonataUserBundle:ResettingFOSUser1:checkEmail</default>
        <requirement key="_method">GET</requirement>
    </route>

    <route id="fos_user_resetting_reset" pattern="/reset/{token}">
        <default key="_controller">SonataUserBundle:ResettingFOSUser1:reset</default>
        <requirement key="_method">GET|POST</requirement>
    </route>

    <route id="sonata_user_resetting_request" pattern="/request">
        <default key="_controller">SonataUserBundle:ResettingFOSUser1:request</default>
        <requirement key="_method">GET</requirement>
    </route>

    <route id="sonata_user_resetting_send_email" pattern="/send-email">
        <default key="_controller">SonataUserBundle:ResettingFOSUser1:sendEmail</default>
        <requirement key="_method">POST</requirement>
    </route>

    <route id="sonata_user_resetting_check_email" pattern="/check-email">
        <default key="_controller">SonataUserBundle:ResettingFOSUser1:checkEmail</default>
        <requirement key="_method">GET</requirement>
    </route>

    <route id="sonata_user_resetting_reset" pattern="/reset/{token}">
        <default key="_controller">SonataUserBundle:ResettingFOSUser1:reset</default>
        <requirement key="_method">GET|POST</requirement>
    </route>

</routes>
