<?xml version="1.0" encoding="UTF-8" ?>

<routes xmlns="http://symfony.com/schema/routing"
    xmlns:xsi="http://www.w3.org/2001/XMLSchema-instance"
    xsi:schemaLocation="http://symfony.com/schema/routing http://symfony.com/schema/routing/routing-1.0.xsd">

    <route id="fos_user_profile_show" pattern="/">
        <default key="_controller">SonataUserBundle:ProfileFOSUser1:show</default>
        <requirement key="_method">GET</requirement>
    </route>

    <route id="fos_user_profile_edit_authentication" pattern="/edit-authentication">
        <default key="_controller">SonataUserBundle:ProfileFOSUser1:editAuthentication</default>
    </route>

    <route id="fos_user_profile_edit" pattern="/edit-profile">
        <default key="_controller">SonataUserBundle:ProfileFOSUser1:editProfile</default>
    </route>

    <route id="sonata_user_profile_show" pattern="/">
        <default key="_controller">SonataUserBundle:ProfileFOSUser1:show</default>
        <requirement key="_method">GET</requirement>
    </route>

    <route id="sonata_user_profile_edit_authentication" pattern="/edit-authentication">
        <default key="_controller">SonataUserBundle:ProfileFOSUser1:editAuthentication</default>
    </route>

    <route id="sonata_user_profile_edit" pattern="/edit-profile">
        <default key="_controller">SonataUserBundle:ProfileFOSUser1:editProfile</default>
    </route>

</routes>
