<?xml version="1.0" encoding="UTF-8" ?>

<routes xmlns="http://symfony.com/schema/routing"
        xmlns:xsi="http://www.w3.org/2001/XMLSchema-instance"
        xsi:schemaLocation="http://symfony.com/schema/routing http://symfony.com/schema/routing/routing-1.0.xsd">
    <route id="payum_capture_do_session" pattern="/payment/capture/session-token">
        <default key="_controller">PayumBundle:Capture:doSessionToken</default>
    </route>

    <route id="payum_capture_do" pattern="/payment/capture/{payum_token}">
        <default key="_controller">PayumBundle:Capture:do</default>
    </route>
</routes>