<?xml version="1.0" encoding="UTF-8" ?>

<routes xmlns="http://symfony.com/schema/routing"
        xmlns:xsi="http://www.w3.org/2001/XMLSchema-instance"
        xsi:schemaLocation="http://symfony.com/schema/routing http://symfony.com/schema/routing/routing-1.0.xsd">

    <route id="payum_notify_do_unsafe" pattern="/payment/notify/unsafe/{gateway}">
        <default key="_controller">PayumBundle:Notify:doUnsafe</default>
    </route>

    <route id="payum_notify_do" pattern="/payment/notify/{payum_token}">
        <default key="_controller">PayumBundle:Notify:do</default>
    </route>
</routes>