<?xml version="1.0" encoding="UTF-8"?>
<doctrine-mapping xmlns="http://doctrine-project.org/schemas/orm/doctrine-mapping"
                  xmlns:xsi="http://www.w3.org/2001/XMLSchema-instance"
                  xsi:schemaLocation="http://doctrine-project.org/schemas/orm/doctrine-mapping
                  http://doctrine-project.org/schemas/orm/doctrine-mapping.xsd">

    <mapped-superclass name="FOS\MessageBundle\Entity\Message" table="fos_message_message">

        <field name="body" column="body" type="text" />

        <field name="createdAt" column="created_at" type="datetime" />

        <!-- <many-to-one field="sender" target-entity="MyProject\UserBundle\Entity\User" /> -->

        <!-- <many-to-one field="thread" target-entity="MyProject\MessageBundle\Entity\Thread">
            <join-columns>
                <join-column name="thread_id" referenced-column-name="id" />
            </join-columns>
        </many-to-one> -->

        <!-- <one-to-many field="metadata" target-entity="MyProject\MessageBundle\Entity\MessageMetadata" mapped-by="message">
            <cascade>
                <cascade-all />
            </cascade>
        </one-to-many> -->

    </mapped-superclass>

</doctrine-mapping>
