<?xml version="1.0" encoding="UTF-8"?>
<doctrine-mapping xmlns="http://doctrine-project.org/schemas/orm/doctrine-mapping"
                  xmlns:xsi="http://www.w3.org/2001/XMLSchema-instance"
                  xsi:schemaLocation="http://doctrine-project.org/schemas/orm/doctrine-mapping
                  http://doctrine-project.org/schemas/orm/doctrine-mapping.xsd">

    <mapped-superclass name="FOS\MessageBundle\Entity\Thread" table="fos_message_thread">

        <field name="subject" column="subject" type="string" />

        <field name="createdAt" fieldName="createdAt" type="datetime" />

        <field name="isSpam" fieldName="isSpam" type="boolean" />

        <!--
        <many-to-one field="createdBy" target-entity="MyProject\UserBundle\Entity\User" />

        <one-to-many field="messages" target-entity="MyProject\MessageBundle\Entity\Message" mapped-by="thread" />

        <one-to-many field="metadata" target-entity="MyProject\MessageBundle\Entity\ThreadMetadata" mapped-by="thread">
            <cascade>
                <cascade-all />
            </cascade>
        </one-to-many>
        -->

    </mapped-superclass>

</doctrine-mapping>
