<?xml version="1.0" ?>

<container xmlns="http://symfony.com/schema/dic/services"
    xmlns:xsi="http://www.w3.org/2001/XMLSchema-instance"
    xsi:schemaLocation="http://symfony.com/schema/dic/services http://symfony.com/schema/dic/services/services-1.0.xsd">

    <parameters>
        <parameter key="lexik_currency.currency_extension.class">Lexik\Bundle\CurrencyBundle\Twig\Extension\CurrencyExtension</parameter>
        <parameter key="lexik_currency.converter.class">Lexik\Bundle\CurrencyBundle\Currency\Converter</parameter>
        <parameter key="lexik_currency.formatter.class">Lexik\Bundle\CurrencyBundle\Currency\Formatter</parameter>
        <parameter key="lexik_currency.subscriber.locale.class">Lexik\Bundle\CurrencyBundle\EventListener\LocaleListener</parameter>
    </parameters>

    <services>
        <service id="lexik_currency.currency_extension" class="%lexik_currency.currency_extension.class%" public="false">
            <argument type="service" id="service_container" />
            <tag name="twig.extension" />
        </service>

        <service id="lexik_currency.converter" class="%lexik_currency.converter.class%">
            <argument type="service" id="lexik_currency.default_adapter" />
            <argument>%lexik_currency.decimal_part.precision%</argument>
            <argument>%lexik_currency.decimal_part.round_mode%</argument>
        </service>

        <service id="lexik_currency.formatter" class="%lexik_currency.formatter.class%">
            <argument>%locale%</argument>
        </service>

        <service id="lexik_currency.subscriber.locale" class="%lexik_currency.subscriber.locale.class%">
            <argument type="service" id="lexik_currency.formatter" />
            <tag name="kernel.event_subscriber" />
        </service>
    </services>
</container>
