<?xml version="1.0" ?>

<container xmlns="http://symfony.com/schema/dic/services"
    xmlns:xsi="http://www.w3.org/2001/XMLSchema-instance"
    xsi:schemaLocation="http://symfony.com/schema/dic/services http://symfony.com/schema/dic/services/services-1.0.xsd">

    <parameters>
        <parameter key="js_mysqlnd.data_collector.class">JS\MysqlndBundle\DataCollector\MysqlndDataCollector</parameter>
    </parameters>

    <services>
        <service id="data_collector.mysqlnd" class="%js_mysqlnd.data_collector.class%" public="true">
            <tag name="data_collector" template="JSMysqlndBundle:Collector:mysqlnd" id="mysqlnd" />
            <tag name="kernel.event_listener" event="kernel.request" method="onEarlyKernelRequest" />
        </service>
    </services>

</container>
