<?xml version="1.0" encoding="UTF-8" ?>

<routes xmlns="http://symfony.com/schema/routing"
    xmlns:xsi="http://www.w3.org/2001/XMLSchema-instance"
    xsi:schemaLocation="http://symfony.com/schema/routing http://symfony.com/schema/routing/routing-1.0.xsd">

    <route id="fos_message_inbox" pattern="/">
        <default key="_controller">FOSMessageBundle:Message:inbox</default>
    </route>

    <route id="fos_message_sent" pattern="/sent">
        <default key="_controller">FOSMessageBundle:Message:sent</default>
    </route>

    <route id="fos_message_deleted" pattern="/deleted">
        <default key="_controller">FOSMessageBundle:Message:deleted</default>
    </route>

    <route id="fos_message_search" pattern="/search">
        <default key="_controller">FOSMessageBundle:Message:search</default>
    </route>

    <route id="fos_message_thread_new" pattern="/new">
        <default key="_controller">FOSMessageBundle:Message:newThread</default>
    </route>

    <route id="fos_message_thread_delete" pattern="/{threadId}/delete">
        <default key="_controller">FOSMessageBundle:Message:delete</default>
        <requirement key="_method">POST|DELETE</requirement>
    </route>
    
    <route id="fos_message_thread_undelete" pattern="/{threadId}/undelete">
        <default key="_controller">FOSMessageBundle:Message:undelete</default>
        <requirement key="_method">POST</requirement>
    </route>

    <route id="fos_message_thread_view" pattern="/{threadId}">
        <default key="_controller">FOSMessageBundle:Message:thread</default>
    </route>

</routes>
