<?xml version="1.0" ?>

<container xmlns="http://symfony.com/schema/dic/services"
    xmlns:xsi="http://www.w3.org/2001/XMLSchema-instance"
    xsi:schemaLocation="http://symfony.com/schema/dic/services http://symfony.com/schema/dic/services/services-1.0.xsd">

    <parameters>

        <parameter key="fos_rest.normalizer.camel_keys.class">FOS\RestBundle\Normalizer\CamelKeysNormalizer</parameter>
        <parameter key="fos_rest.decoder.json.class">FOS\RestBundle\Decoder\JsonDecoder</parameter>
        <parameter key="fos_rest.decoder.jsontoform.class">FOS\RestBundle\Decoder\JsonToFormDecoder</parameter>
        <parameter key="fos_rest.decoder.xml.class">FOS\RestBundle\Decoder\XmlDecoder</parameter>
        <parameter key="fos_rest.decoder_provider.class">FOS\RestBundle\Decoder\ContainerDecoderProvider</parameter>
        <parameter key="fos_rest.body_listener.class">FOS\RestBundle\EventListener\BodyListener</parameter>

    </parameters>

    <services>

        <service id="fos_rest.normalizer.camel_keys" class="%fos_rest.normalizer.camel_keys.class%" />

        <service id="fos_rest.normalizer.camel_keys_with_leading_underscore" class="FOS\RestBundle\Normalizer\CamelKeysNormalizerWithLeadingUnderscore" />

        <service id="fos_rest.decoder.json" class="%fos_rest.decoder.json.class%" />

        <service id="fos_rest.decoder.jsontoform" class="%fos_rest.decoder.jsontoform.class%" />

        <service id="fos_rest.decoder.xml" class="%fos_rest.decoder.xml.class%" />

        <service id="fos_rest.decoder_provider" class="%fos_rest.decoder_provider.class%">
            <argument>%fos_rest.decoders%</argument>
            <call method="setContainer">
                <argument type="service" id="service_container" />
            </call>
        </service>

        <service id="fos_rest.body_listener" class="%fos_rest.body_listener.class%">
            <tag name="kernel.event_listener" event="kernel.request" method="onKernelRequest" priority="10" />
            <argument type="service" id="fos_rest.decoder_provider" />
            <argument>%fos_rest.throw_exception_on_unsupported_content_type%</argument>
            <call method="setDefaultFormat">
                <argument>%fos_rest.body_default_format%</argument>
            </call>
        </service>

    </services>
</container>
