<?xml version="1.0" encoding="UTF-8"?>
<database name="default" namespace="Payum\Core\Bridge\Propel\Model" defaultIdMethod="native"
    xmlns:xsi="http://www.w3.org/2001/XMLSchema-instance"
    xsi:noNamespaceSchemaLocation="http://xsd.propelorm.org/1.7/database.xsd">

    <table name="Payment">
        <behavior name="auto_add_pk"/>

        <column name="number" type="VARCHAR"/>
        <column name="description" type="VARCHAR"/>
        <column name="clientEmail" type="VARCHAR"/>
        <column name="clientId" type="VARCHAR"/>
        <column name="totalAmount" phpName="TotalAmount" type="INTEGER"/>
        <column name="currencyCode" type="VARCHAR"/>
        <column name="details" type="ARRAY"/>

        <vendor type="mysql">
            <parameter name="Engine" value="InnoDB"/>
        </vendor>
    </table>

    <table name="Token" idMethod="none">
        <column name="hash" type="VARCHAR" primaryKey="true"/>
        <column name="details" type="OBJECT"/>
        <column name="afterUrl" type="VARCHAR"/>
        <column name="targetUrl" type="VARCHAR"/>
        <column name="gatewayName" type="VARCHAR"/>

        <vendor type="mysql">
            <parameter name="Engine" value="InnoDB"/>
        </vendor>
    </table>

</database>
