<?xml version="1.0" encoding="UTF-8" ?>

<container xmlns="http://symfony.com/schema/dic/services"
           xmlns:xsi="http://www.w3.org/2001/XMLSchema-instance"
           xsi:schemaLocation="http://symfony.com/schema/dic/services http://symfony.com/schema/dic/services/services-1.0.xsd">

    <parameters>
        <parameter key="payum.storage.doctrine.mongodb.class">Payum\Core\Bridge\Doctrine\Storage\DoctrineStorage</parameter>
    </parameters>

    <services>
        <service id="payum.storage.doctrine.mongodb" class="%payum.storage.doctrine.mongodb.class%" public="false" abstract="true">
            <argument type="service" id="payum.document_manager" />
            <argument><!-- should be set in DoctrineStorageFactory --></argument>
        </service>

        <service
            id="payum.document_manager"
            factory-service="doctrine_mongodb"
            factory-method="getManager"
            class="Doctrine\ODM\MongoDB\DocumentManager"
            public="false"
        >
        </service>
    </services>
</container>