<?xml version="1.0" encoding="UTF-8" ?>

<container xmlns="http://symfony.com/schema/dic/services"
           xmlns:xsi="http://www.w3.org/2001/XMLSchema-instance"
           xsi:schemaLocation="http://symfony.com/schema/dic/services http://symfony.com/schema/dic/services/services-1.0.xsd">

    <parameters>
        <parameter key="payum.storage.filesystem.class">Payum\Core\Storage\FilesystemStorage</parameter>
    </parameters>

    <services>
        <service 
            id="payum.storage.filesystem.prototype" 
            class="%payum.storage.filesystem.class%" 
            public="false" 
            abstract="true"
        >
            <argument><!-- should be set in FilesystemStorageFactory --></argument>
            <argument><!-- should be set in FilesystemStorageFactory --></argument>
            <argument><!-- should be set in FilesystemStorageFactory --></argument>
        </service>
    </services>
</container>