<?xml version="1.0" encoding="UTF-8" ?>

<container xmlns="http://symfony.com/schema/dic/services"
    xmlns:xsi="http://www.w3.org/2001/XMLSchema-instance"
    xsi:schemaLocation="http://symfony.com/schema/dic/services http://symfony.com/schema/dic/services/services-1.0.xsd">

    <parameters>

        <parameter key="fos_message.message_meta_class">%fos_message.message_class%Metadata</parameter>
        <parameter key="fos_message.thread_meta_class">%fos_message.thread_class%Metadata</parameter>

    </parameters>


    <services>

        <service id="fos_message.message_manager.default" class="FOS\MessageBundle\EntityManager\MessageManager" public="false">
            <argument type="service" id="doctrine.orm.entity_manager" />
            <argument>%fos_message.message_class%</argument>
            <argument>%fos_message.message_meta_class%</argument>
        </service>

        <service id="fos_message.thread_manager.default" class="FOS\MessageBundle\EntityManager\ThreadManager" public="false">
            <argument type="service" id="doctrine.orm.entity_manager" />
            <argument>%fos_message.thread_class%</argument>
            <argument>%fos_message.thread_meta_class%</argument>
            <argument type="service" id="fos_message.message_manager" />
        </service>

    </services>

</container>
