<?xml version="1.0" encoding="UTF-8" ?>

<routes xmlns="http://symfony.com/schema/routing"
    xmlns:xsi="http://www.w3.org/2001/XMLSchema-instance"
    xsi:schemaLocation="http://symfony.com/schema/routing http://symfony.com/schema/routing/routing-1.0.xsd">

    <route id="fos_message_inbox" path="/">
        <default key="_controller">FOSMessageBundle:Message:inbox</default>
    </route>

    <route id="fos_message_sent" path="/sent">
        <default key="_controller">FOSMessageBundle:Message:sent</default>
    </route>

    <route id="fos_message_deleted" path="/deleted">
        <default key="_controller">FOSMessageBundle:Message:deleted</default>
    </route>

    <route id="fos_message_search" path="/search">
        <default key="_controller">FOSMessageBundle:Message:search</default>
    </route>

    <route id="fos_message_thread_new" path="/new">
        <default key="_controller">FOSMessageBundle:Message:newThread</default>
    </route>

    <route id="fos_message_thread_delete" path="/{threadId}/delete" methods="POST|DELETE">
        <default key="_controller">FOSMessageBundle:Message:delete</default>
    </route>
    
    <route id="fos_message_thread_undelete" path="/{threadId}/undelete" methods="POST">
        <default key="_controller">FOSMessageBundle:Message:undelete</default>
    </route>

    <route id="fos_message_thread_view" path="/{threadId}">
        <default key="_controller">FOSMessageBundle:Message:thread</default>
    </route>

</routes>
