<?xml version="1.0" ?>

<container xmlns="http://symfony.com/schema/dic/services"
           xmlns:xsi="http://www.w3.org/2001/XMLSchema-instance"
           xsi:schemaLocation="http://symfony.com/schema/dic/services http://symfony.com/schema/dic/services/services-1.0.xsd">

    <parameters>
        <parameter key="hwi_oauth.templating.helper.oauth.class">HWI\Bundle\OAuthBundle\Templating\Helper\OAuthHelper</parameter>
    </parameters>

    <services>
        <service id="hwi_oauth.templating.helper.oauth" class="%hwi_oauth.templating.helper.oauth.class%">
            <argument type="service" id="hwi_oauth.security.oauth_utils" />
            <tag name="templating.helper" alias="oauth" />
            <call method="setRequest"><argument type="service" id="request" on-invalid="null" strict="false" /></call>
        </service>
    </services>
</container>
