<?xml version="1.0" ?>

<container xmlns="http://symfony.com/schema/dic/services"
           xmlns:xsi="http://www.w3.org/2001/XMLSchema-instance"
           xsi:schemaLocation="http://symfony.com/schema/dic/services http://symfony.com/schema/dic/services/services-1.0.xsd">

    <parameters>
        <parameter key="hwi_oauth.twig.extension.oauth.class">HWI\Bundle\OAuthBundle\Twig\Extension\OAuthExtension</parameter>
    </parameters>

    <services>
        <service id="hwi_oauth.twig.extension.oauth" class="%hwi_oauth.twig.extension.oauth.class%" public="false">
            <argument type="service" id="hwi_oauth.templating.helper.oauth" />
            <tag name="twig.extension" />
        </service>
    </services>
</container>
