<?xml version="1.0" encoding="UTF-8"?>
<doctrine-mongo-mapping xmlns="http://doctrine-project.org/schemas/odm/doctrine-mongo-mapping"
                        xmlns:xsi="http://www.w3.org/2001/XMLSchema-instance"
                        xsi:schemaLocation="http://doctrine-project.org/schemas/odm/doctrine-mongo-mapping
                        http://doctrine-project.org/schemas/odm/doctrine-mongo-mapping.xsd">

    <mapped-superclass name="Payum\Core\Model\Payment">

        <field name="number" type="string" />

        <field name="description" type="string" />

        <field name="clientEmail" type="string" />

        <field name="clientId" type="string" />

        <field name="totalAmount" type="int" />

        <field name="currencyCode" type="string" />

        <field name="details" type="object" />

    </mapped-superclass>

</doctrine-mongo-mapping>
