<?xml version="1.0" ?>

<container xmlns="http://symfony.com/schema/dic/services"
    xmlns:xsi="http://www.w3.org/2001/XMLSchema-instance"
    xsi:schemaLocation="http://symfony.com/schema/dic/services http://symfony.com/schema/dic/services/services-1.0.xsd">

    <parameters>
        <parameter key="jms_aop.interceptor_loader.class">JMS\AopBundle\Aop\InterceptorLoader</parameter>
    </parameters>

    <services>
        <service id="jms_aop.pointcut_container" class="JMS\AopBundle\Aop\PointcutContainer" />
        
        <service id="jms_aop.interceptor_loader" class="%jms_aop.interceptor_loader.class%">
            <argument type="service" id="service_container" />
        </service>
    </services>
</container>
