<?xml version="1.0" ?>

<container xmlns="http://symfony.com/schema/dic/services"
           xmlns:xsi="http://www.w3.org/2001/XMLSchema-instance"
           xsi:schemaLocation="http://symfony.com/schema/dic/services http://symfony.com/schema/dic/services/services-1.0.xsd"
        >
    <parameters>
        <parameter key="elfinder.form.type.class">FM\ElfinderBundle\Form\Type\ElFinderType</parameter>
    </parameters>
    <services>
        <service id="fm_elfinder.form.type" class="%elfinder.form.type.class%">
            <tag name="form.type" />
        </service>
    </services>
</container>
