<?xml version="1.0" ?>

<container xmlns="http://symfony.com/schema/dic/services"
           xmlns:xsi="http://www.w3.org/2001/XMLSchema-instance"
           xsi:schemaLocation="http://symfony.com/schema/dic/services http://symfony.com/schema/dic/services/services-1.0.xsd">

    <parameters>
        <parameter key="simplethings_entityaudit.request.current_user_listener.class">SimpleThings\EntityAudit\Request\CurrentUserListener</parameter>
    </parameters>

    <services>
        <service id="simplethings_entityaudit.request.current_user_listener" class="%simplethings_entityaudit.request.current_user_listener.class%">
            <tag name="kernel.event_listener" event="kernel.request" method="handle" />
            <argument type="service" id="simplethings_entityaudit.config" />
            <argument type="service" id="security.token_storage" on-invalid="NULL" />
        </service>
    </services>
</container>
