<?xml version="1.0" ?>

<container xmlns="http://symfony.com/schema/dic/services"
    xmlns:xsi="http://www.w3.org/2001/XMLSchema-instance"
    xsi:schemaLocation="http://symfony.com/schema/dic/services http://symfony.com/schema/dic/services/services-1.0.xsd">

    <parameters>
        <!-- classes -->
        <parameter key="doctrine_mongodb.odm.connection.class">Doctrine\MongoDB\Connection</parameter>
        <parameter key="doctrine_mongodb.odm.configuration.class">Doctrine\ODM\MongoDB\Configuration</parameter>
        <parameter key="doctrine_mongodb.odm.document_manager.class">Doctrine\ODM\MongoDB\DocumentManager</parameter>
        <parameter key="doctrine_mongodb.odm.manager_configurator.class">Doctrine\Bundle\MongoDBBundle\ManagerConfigurator</parameter>
        <parameter key="doctrine_mongodb.odm.logger.class">Doctrine\Bundle\MongoDBBundle\Logger\Logger</parameter>
        <parameter key="doctrine_mongodb.odm.logger.aggregate.class">Doctrine\Bundle\MongoDBBundle\Logger\AggregateLogger</parameter>
        <parameter key="doctrine_mongodb.odm.data_collector.standard.class">Doctrine\Bundle\MongoDBBundle\DataCollector\StandardDataCollector</parameter>
        <parameter key="doctrine_mongodb.odm.data_collector.pretty.class">Doctrine\Bundle\MongoDBBundle\DataCollector\PrettyDataCollector</parameter>
        <parameter key="doctrine_mongodb.odm.event_manager.class">Symfony\Bridge\Doctrine\ContainerAwareEventManager</parameter>
        <parameter key="doctrine_odm.mongodb.validator_initializer.class">Symfony\Bridge\Doctrine\Validator\DoctrineInitializer</parameter>
        <parameter key="doctrine_odm.mongodb.validator.unique.class">Symfony\Bridge\Doctrine\Validator\Constraints\UniqueEntityValidator</parameter>
        <parameter key="doctrine_mongodb.odm.class">Doctrine\Bundle\MongoDBBundle\ManagerRegistry</parameter>
        <parameter key="doctrine_mongodb.odm.security.user.provider.class">Symfony\Bridge\Doctrine\Security\User\EntityUserProvider</parameter>
        <parameter key="doctrine_mongodb.odm.proxy_cache_warmer.class">Doctrine\Bundle\MongoDBBundle\CacheWarmer\ProxyCacheWarmer</parameter>
        <parameter key="doctrine_mongodb.odm.hydrator_cache_warmer.class">Doctrine\Bundle\MongoDBBundle\CacheWarmer\HydratorCacheWarmer</parameter>

        <!-- cache -->
        <parameter key="doctrine_mongodb.odm.cache.array.class">Doctrine\Common\Cache\ArrayCache</parameter>
        <parameter key="doctrine_mongodb.odm.cache.apc.class">Doctrine\Common\Cache\ApcCache</parameter>
        <parameter key="doctrine_mongodb.odm.cache.memcache.class">Doctrine\Common\Cache\MemcacheCache</parameter>
        <parameter key="doctrine_mongodb.odm.cache.memcache_host">localhost</parameter>
        <parameter key="doctrine_mongodb.odm.cache.memcache_port">11211</parameter>
        <parameter key="doctrine_mongodb.odm.cache.memcache_instance.class">Memcache</parameter>
        <parameter key="doctrine_mongodb.odm.cache.xcache.class">Doctrine\Common\Cache\XcacheCache</parameter>

        <!-- metadata -->
        <parameter key="doctrine_mongodb.odm.metadata.driver_chain.class">Doctrine\Common\Persistence\Mapping\Driver\MappingDriverChain</parameter>
        <parameter key="doctrine_mongodb.odm.metadata.annotation.class">Doctrine\ODM\MongoDB\Mapping\Driver\AnnotationDriver</parameter>
        <parameter key="doctrine_mongodb.odm.metadata.xml.class">Doctrine\Bundle\MongoDBBundle\Mapping\Driver\XmlDriver</parameter>
        <parameter key="doctrine_mongodb.odm.metadata.yml.class">Doctrine\Bundle\MongoDBBundle\Mapping\Driver\YamlDriver</parameter>

        <!-- directories -->
        <parameter key="doctrine_mongodb.odm.mapping_dirs" type="collection"></parameter>
        <parameter key="doctrine_mongodb.odm.xml_mapping_dirs">%doctrine_mongodb.odm.mapping_dirs%</parameter>
        <parameter key="doctrine_mongodb.odm.yml_mapping_dirs">%doctrine_mongodb.odm.mapping_dirs%</parameter>
        <parameter key="doctrine_mongodb.odm.document_dirs" type="collection"></parameter>
        <parameter key="doctrine_mongodb.odm.fixtures_dirs" type="collection"></parameter>

        <!-- logger -->
        <parameter key="doctrine_mongodb.odm.logger.batch_insert_threshold">4</parameter>

        <!-- listeners -->
        <parameter key="doctrine_mongodb.odm.listeners.resolve_target_document.class">Doctrine\ODM\MongoDB\Tools\ResolveTargetDocumentListener</parameter>
    </parameters>

    <services>
        <!-- defaults -->
        <service id="doctrine_mongodb.odm.cache" alias="doctrine_mongodb.odm.cache.array" />

        <!-- events -->
        <service id="doctrine_mongodb.odm.connection.event_manager" class="%doctrine_mongodb.odm.event_manager.class%" public="false" abstract="true">
            <argument type="service" id="service_container" />
        </service>

        <!-- form -->
        <service id="form.type.mongodb_document" class="Doctrine\Bundle\MongoDBBundle\Form\Type\DocumentType">
            <tag name="form.type" alias="document" />
            <argument type="service" id="doctrine_mongodb" />
        </service>
        <service id="form.type_guesser.doctrine.mongodb" class="Doctrine\Bundle\MongoDBBundle\Form\DoctrineMongoDBTypeGuesser">
            <tag name="form.type_guesser" />
            <argument type="service" id="doctrine_mongodb" />
        </service>

        <!-- metadata -->
        <service id="doctrine_mongodb.odm.metadata.chain" class="%doctrine_mongodb.odm.metadata.driver_chain.class%" />
        <service id="doctrine_mongodb.odm.metadata.annotation" class="%doctrine_mongodb.odm.metadata.annotation.class%">
            <argument type="service" id="doctrine_mongodb.odm.metadata.annotation_reader" />
            <argument>%doctrine_mongodb.odm.document_dirs%</argument>
        </service>
        <service id="doctrine_mongodb.odm.metadata.annotation_reader" alias="annotation_reader" />
        <service id="doctrine_mongodb.odm.metadata.xml" class="%doctrine_mongodb.odm.metadata.xml.class%">
            <argument>%doctrine_mongodb.odm.xml_mapping_dirs%</argument>
        </service>
        <service id="doctrine_mongodb.odm.metadata.yml" class="%doctrine_mongodb.odm.metadata.yml.class%">
            <argument>%doctrine_mongodb.odm.yml_mapping_dirs%</argument>
        </service>

        <!-- The configurator cannot be a private service -->
        <service id="doctrine_mongodb.odm.manager_configurator.abstract" class="%doctrine_mongodb.odm.manager_configurator.class%" abstract="true">
            <argument type="collection" />
        </service>

        <!-- cache -->
        <service id="doctrine_mongodb.odm.cache.array" class="%doctrine_mongodb.odm.cache.array.class%" />

        <!-- logger -->
        <service id="doctrine_mongodb.odm.logger" class="%doctrine_mongodb.odm.logger.class%" public="false">
            <tag name="monolog.logger" channel="doctrine" />
            <argument type="service" id="logger" on-invalid="null" />
            <call method="setBatchInsertThreshold">
                <argument>%doctrine_mongodb.odm.logger.batch_insert_threshold%</argument>
            </call>
        </service>
        <service id="doctrine_mongodb.odm.logger.aggregate" class="%doctrine_mongodb.odm.logger.aggregate.class%" public="false" />

        <!-- profiler -->
        <service id="doctrine_mongodb.odm.data_collector.standard" class="%doctrine_mongodb.odm.data_collector.standard.class%" public="false" />
        <service id="doctrine_mongodb.odm.data_collector.pretty" class="%doctrine_mongodb.odm.data_collector.pretty.class%" public="false">
            <call method="setBatchInsertThreshold">
                <argument>%doctrine_mongodb.odm.logger.batch_insert_threshold%</argument>
            </call>
        </service>

        <!-- Cache Warmers -->
        <service id="doctrine_mongodb.odm.proxy_cache_warmer" class="%doctrine_mongodb.odm.proxy_cache_warmer.class%" public="false">
            <tag name="kernel.cache_warmer" priority="25" />
            <argument type="service" id="service_container" />
        </service>
        <service id="doctrine_mongodb.odm.hydrator_cache_warmer" class="%doctrine_mongodb.odm.hydrator_cache_warmer.class%" public="false">
            <tag name="kernel.cache_warmer" priority="25" />
            <argument type="service" id="service_container" />
        </service>

        <!--  validator -->
        <service id="doctrine_odm.mongodb.validator.unique" class="%doctrine_odm.mongodb.validator.unique.class%">
            <tag name="validator.constraint_validator" alias="doctrine_odm.mongodb.unique" />
            <argument type="service" id="doctrine_mongodb" />
        </service>

        <service id="doctrine_odm.mongodb.validator_initializer" class="%doctrine_odm.mongodb.validator_initializer.class%">
            <tag name="validator.initializer" />
            <argument type="service" id="doctrine_mongodb" />
        </service>

        <!-- Security -->
        <service id="doctrine_mongodb.odm.security.user.provider" class="%doctrine_mongodb.odm.security.user.provider.class%" public="false" abstract="true">
            <argument type="service" id="doctrine_mongodb" />
        </service>

        <!-- Registry -->
        <service id="doctrine_mongodb" class="%doctrine_mongodb.odm.class%">
            <argument>MongoDB</argument>
            <argument>%doctrine_mongodb.odm.connections%</argument>
            <argument>%doctrine_mongodb.odm.document_managers%</argument>
            <argument>%doctrine_mongodb.odm.default_connection%</argument>
            <argument>%doctrine_mongodb.odm.default_document_manager%</argument>
            <argument>Doctrine\ODM\MongoDB\Proxy\Proxy</argument>
            <call method="setContainer">
                <argument type="service" id="service_container" />
            </call>
        </service>

        <!-- listeners -->
        <service id="doctrine_mongodb.odm.listeners.resolve_target_document" class="%doctrine_mongodb.odm.listeners.resolve_target_document.class%" public="false" />
    </services>
</container>
