<?xml version="1.0" ?>

<container xmlns="http://symfony.com/schema/dic/services"
    xmlns:xsi="http://www.w3.org/2001/XMLSchema-instance"
    xsi:schemaLocation="http://symfony.com/schema/dic/services http://symfony.com/schema/dic/services/services-1.0.xsd"
>
    <services>
        <service id="ivory_ck_editor.form.type" class="Ivory\CKEditorBundle\Form\Type\CKEditorType">
            <argument type="service" id="ivory_ck_editor.config_manager" />
            <argument type="service" id="ivory_ck_editor.plugin_manager" />
            <argument type="service" id="ivory_ck_editor.styles_set_manager" />
            <argument type="service" id="ivory_ck_editor.template_manager" />
            <tag name="form.type" />
        </service>

        <service id="ivory_ck_editor.config_manager" class="Ivory\CKEditorBundle\Model\ConfigManager" />
        <service id="ivory_ck_editor.plugin_manager" class="Ivory\CKEditorBundle\Model\PluginManager" />
        <service id="ivory_ck_editor.styles_set_manager" class="Ivory\CKEditorBundle\Model\StylesSetManager" />
        <service id="ivory_ck_editor.template_manager" class="Ivory\CKEditorBundle\Model\TemplateManager" />
    </services>
</container>
