<?xml version="1.0" encoding="UTF-8"?>
<database defaultIdMethod="native" namespace="Payum\Core\Bridge\Propel2\Model" name="default">
    <vendor type="mysql">
        <parameter name="Engine" value="InnoDB"/>
        <parameter name="Charset" value="utf8"/>
    </vendor>

    <table name="payum_payment" phpName="Payment">
        <column name="id" type="INTEGER" primaryKey="true" required="true" autoIncrement="true" />

        <column name="number" type="VARCHAR" size="255"/>
        <column name="description" type="VARCHAR" size="255"/>
        <column name="client_email" type="VARCHAR" size="255"/>
        <column name="client_id" type="VARCHAR" size="255"/>
        <column name="total_amount" phpName="TotalAmount" type="INTEGER"/>
        <column name="currency_code" type="VARCHAR" size="255"/>
        <column name="currency_digits_after_decimal_point" type="INTEGER"/>
        <column name="details" type="ARRAY"/>
    </table>

    <table name="payum_token"  phpName="Token">
        <column name="id" type="INTEGER" primaryKey="true" required="true" autoIncrement="true" />

        <column name="hash" type="VARCHAR"/>
        <column name="details" type="OBJECT"/>
        <column name="after_url" type="VARCHAR" size="255"/>
        <column name="target_url" type="VARCHAR" size="255"/>
        <column name="gateway_name" type="VARCHAR" size="255"/>
    </table>
</database>
